﻿Designator,Footprint,Quantity,Value,LCSC Part #
"B1_2, B1",SW_TACT_ALPS_SKQGABE010,2,,
"D1, D10, D11, D12, D13, D14, D15, D16, D17, D18, D19, D2, D20, D21, D22, D23, D24, D25, D26, D27, D28, D29, D3, D30, D31, D32, D33, D34, D35, D36, D37, D38, D39, D4, D40, D41, D42, D43, D44, D45, D46, D47, D48, D49, D5, D50, D51, D52, D53, D54, D55, D56, D57, D58, D6, D7, D8, D9",Diode_SOD-123,58,,
"MCU1_2, MCU1",ProMicro,2,,
"OLED1_2, OLED1",OLED_128x32,2,OLED,
"RES1, RES2, RES3, RES4",0402,4,R_0402_1005Metric,
"S1, S10, S11, S12, S13, S14, S15, S16, S17, S18, S19, S2, S20, S21, S22, S23, S24, S25, S26, S27, S28, S3, S30, S31, S32, S33, S34, S35, S36, S37, S38, S39, S4, S40, S41, S42, S43, S44, S45, S46, S47, S48, S49, S5, S50, S51, S52, S53, S54, S55, S56, S57, S6, S7, S8, S9",Hotswap_Choc_V1V2_1.00u,56,,
"S29, S58",Hotswap_Choc_V1V2_1.50u,2,,
"TRRS1, TRRS2",TRRS_PJ-320A,2,TRRS_PJ-320A,
"_1_2, _1, _2_2, _2, _3_2, _3, _4_2, _4",MountingHole_2.2mm_M2_Pad_Via,8,,
